,Locus,Original Allele,Frequency,Derived Allele,Frequency,Gene
0,619,C,1223,T,18,ORF1ab
1,1059,T,988,C,253,ORF1ab
2,1917,C,1205,T,36,ORF1ab
3,3037,T,1152,C,89,ORF1ab
4,4113,C,1214,T,27,ORF1ab
5,8078,C,1226,T,15,ORF1ab
6,8782,C,1216,T,25,ORF1ab
7,10851,C,1214,T,27,ORF1ab
8,11083,G,1190,T,51,ORF1ab
9,11916,C,1015,T,226,ORF1ab
10,14408,T,1173,C,68,ORF1ab
11,14805,C,1196,T,45,ORF1ab
12,14912,A,1223,G,18,ORF1ab
13,16260,C,1219,T,22,ORF1ab
14,17247,T,1206,C,35,ORF1ab
15,18877,C,1159,T,82,ORF1ab
16,18998,C,1048,T,193,ORF1ab
17,20005,G,1223,A,18,ORF1ab
18,20755,A,1223,C,18,ORF1ab
19,23403,G,1172,A,69,S
20,25563,T,1083,G,158,ORF3a
21,26144,G,1199,T,42,ORF3a
22,28144,T,1216,C,25,ORF8
23,28821,C,1219,A,22,N
24,28881,G,1191,A,50,N
25,28882,G,1191,A,50,N
26,28883,G,1191,C,50,N
27,29540,G,1048,A,193,Intergenic
